{
  "n_sims": 1000000,
  "seed": 42,
  "nation_win_probability": {
    "England": 0.103075,
    "France": 0.101721,
    "Spain": 0.087355,
    "Portugal": 0.082965,
    "Brazil": 0.065589,
    "Germany": 0.065492,
    "Argentina": 0.052469,
    "Netherlands": 0.047246,
    "Belgium": 0.040618,
    "Norway": 0.030446,
    "Ivory Coast": 0.025108,
    "Turkiye": 0.025996,
    "Uruguay": 0.024867,
    "Morocco": 0.021662,
    "Senegal": 0.020964,
    "Croatia": 0.018649,
    "United States": 0.03971,
    "Sweden": 0.014289,
    "Switzerland": 0.018023,
    "Colombia": 0.013892,
    "Austria": 0.011898,
    "Algeria": 0.009227,
    "Ghana": 0.008134,
    "Ecuador": 0.007676,
    "Scotland": 0.00779,
    "Japan": 0.006609,
    "Czechia": 0.007726,
    "Canada": 0.015951,
    "South Korea": 0.004506,
    "Mexico": 0.008036,
    "Congo DR": 0.002787,
    "Egypt": 0.003718,
    "Paraguay": 0.002589,
    "Bosnia-Herzegovina": 0.00208,
    "Tunisia": 0.000321,
    "Australia": 0.000169,
    "Saudi Arabia": 0.000122,
    "Uzbekistan": 8.1e-05,
    "Panama": 5.7e-05,
    "Iran": 0.000149,
    "New Zealand": 0.000113,
    "Cape Verde": 4.7e-05,
    "Curacao": 2.7e-05,
    "Haiti": 9e-06,
    "Iraq": 6e-06,
    "Qatar": 1.8e-05,
    "Jordan": 4e-06,
    "South Africa": 1.4e-05
  },
  "reach_sf_probability": {
    "England": 0.273452,
    "France": 0.273959,
    "Spain": 0.256582,
    "Portugal": 0.257147,
    "Brazil": 0.204839,
    "Germany": 0.206903,
    "Argentina": 0.18791,
    "Netherlands": 0.167379,
    "Belgium": 0.169226,
    "Norway": 0.131799,
    "Ivory Coast": 0.11349,
    "Turkiye": 0.128676,
    "Uruguay": 0.125895,
    "Morocco": 0.105677,
    "Senegal": 0.103762,
    "Croatia": 0.098754,
    "United States": 0.16551,
    "Sweden": 0.077911,
    "Switzerland": 0.103532,
    "Colombia": 0.084899,
    "Austria": 0.074584,
    "Algeria": 0.063934,
    "Ghana": 0.058712,
    "Ecuador": 0.052668,
    "Scotland": 0.055681,
    "Japan": 0.046557,
    "Czechia": 0.057026,
    "Canada": 0.097609,
    "South Korea": 0.040297,
    "Mexico": 0.059022,
    "Congo DR": 0.02895,
    "Egypt": 0.0388,
    "Paraguay": 0.028759,
    "Bosnia-Herzegovina": 0.026213,
    "Tunisia": 0.00602,
    "Australia": 0.004921,
    "Saudi Arabia": 0.003787,
    "Uzbekistan": 0.00256,
    "Panama": 0.002068,
    "Iran": 0.004227,
    "New Zealand": 0.003962,
    "Cape Verde": 0.001917,
    "Curacao": 0.000907,
    "Haiti": 0.000697,
    "Iraq": 0.000423,
    "Qatar": 0.001078,
    "Jordan": 0.000539,
    "South Africa": 0.00078
  },
  "most_probable_top4": [
    "England",
    "France",
    "Spain",
    "Portugal"
  ],
  "most_probable_top4_probability": 0.001357,
  "runner_up_top4_sets": [
    {
      "teams": [
        "England",
        "France",
        "Spain",
        "Portugal"
      ],
      "prob": 0.001357
    },
    {
      "teams": [
        "France",
        "Spain",
        "Portugal",
        "Brazil"
      ],
      "prob": 0.001202
    },
    {
      "teams": [
        "France",
        "Spain",
        "Portugal",
        "Germany"
      ],
      "prob": 0.001148
    }
  ]
}