{
  "n_sims": 1000000,
  "seed": 42,
  "nation_win_probability": {
    "France": 0.112073,
    "England": 0.108554,
    "Spain": 0.091608,
    "Portugal": 0.08143,
    "Brazil": 0.061733,
    "Germany": 0.063581,
    "Argentina": 0.052406,
    "Netherlands": 0.045993,
    "Norway": 0.035935,
    "Belgium": 0.041872,
    "Ivory Coast": 0.023066,
    "Uruguay": 0.023405,
    "Morocco": 0.017978,
    "Turkiye": 0.020272,
    "Senegal": 0.017855,
    "United States": 0.034876,
    "Croatia": 0.016212,
    "Sweden": 0.013529,
    "Switzerland": 0.018164,
    "Colombia": 0.013147,
    "Austria": 0.011014,
    "Algeria": 0.010247,
    "Ecuador": 0.008625,
    "Japan": 0.007168,
    "Ghana": 0.008442,
    "Canada": 0.021148,
    "Czechia": 0.008,
    "Scotland": 0.00624,
    "Congo DR": 0.003919,
    "Mexico": 0.007678,
    "Bosnia-Herzegovina": 0.003584,
    "Egypt": 0.00382,
    "Paraguay": 0.002678,
    "South Korea": 0.002124,
    "Australia": 0.000598,
    "Tunisia": 0.000377,
    "Haiti": 0.000226,
    "Uzbekistan": 6.5e-05,
    "Cape Verde": 9.1e-05,
    "Iran": 0.000101,
    "Panama": 3.2e-05,
    "South Africa": 3.9e-05,
    "Curacao": 1.6e-05,
    "Saudi Arabia": 2.7e-05,
    "New Zealand": 3.4e-05,
    "Iraq": 8e-06,
    "Qatar": 8e-06,
    "Jordan": 2e-06
  },
  "reach_sf_probability": {
    "France": 0.292864,
    "England": 0.282019,
    "Spain": 0.265647,
    "Portugal": 0.255618,
    "Brazil": 0.19558,
    "Germany": 0.203615,
    "Argentina": 0.190434,
    "Netherlands": 0.165244,
    "Norway": 0.14692,
    "Belgium": 0.175595,
    "Ivory Coast": 0.108699,
    "Uruguay": 0.122158,
    "Morocco": 0.092919,
    "Turkiye": 0.108825,
    "Senegal": 0.094589,
    "United States": 0.152138,
    "Croatia": 0.091613,
    "Sweden": 0.075281,
    "Switzerland": 0.10598,
    "Colombia": 0.080863,
    "Austria": 0.072336,
    "Algeria": 0.068459,
    "Ecuador": 0.058255,
    "Japan": 0.049958,
    "Ghana": 0.059537,
    "Canada": 0.115882,
    "Czechia": 0.057156,
    "Scotland": 0.046656,
    "Congo DR": 0.036889,
    "Mexico": 0.055888,
    "Bosnia-Herzegovina": 0.037057,
    "Egypt": 0.041298,
    "Paraguay": 0.029526,
    "South Korea": 0.025352,
    "Australia": 0.010778,
    "Tunisia": 0.006615,
    "Haiti": 0.004711,
    "Uzbekistan": 0.00227,
    "Cape Verde": 0.002922,
    "Iran": 0.00344,
    "Panama": 0.001346,
    "South Africa": 0.001914,
    "Curacao": 0.000686,
    "Saudi Arabia": 0.001458,
    "New Zealand": 0.001717,
    "Iraq": 0.000315,
    "Qatar": 0.000718,
    "Jordan": 0.00026
  },
  "most_probable_top4": [
    "France",
    "England",
    "Spain",
    "Portugal"
  ],
  "most_probable_top4_probability": 0.001593,
  "runner_up_top4_sets": [
    {
      "teams": [
        "France",
        "England",
        "Spain",
        "Portugal"
      ],
      "prob": 0.001593
    },
    {
      "teams": [
        "France",
        "Spain",
        "Portugal",
        "Norway"
      ],
      "prob": 0.001356
    },
    {
      "teams": [
        "France",
        "Spain",
        "Portugal",
        "Brazil"
      ],
      "prob": 0.001281
    }
  ]
}