{
  "n_sims": 1000000,
  "seed": 42,
  "nation_win_probability": {
    "France": 0.09705300000000001,
    "England": 0.09372100000000001,
    "Spain": 0.08456600000000002,
    "Portugal": 0.07720600000000001,
    "Germany": 0.06620500000000001,
    "Brazil": 0.06065600000000001,
    "Argentina": 0.053680000000000005,
    "Netherlands": 0.048483000000000005,
    "Belgium": 0.04100500000000001,
    "Ivory Coast": 0.027155000000000002,
    "Norway": 0.027766000000000002,
    "Uruguay": 0.026761000000000004,
    "Turkiye": 0.026906000000000003,
    "Morocco": 0.022994000000000004,
    "Senegal": 0.022588000000000004,
    "Croatia": 0.020162000000000003,
    "United States": 0.041990000000000006,
    "Sweden": 0.015745000000000002,
    "Switzerland": 0.020428000000000005,
    "Colombia": 0.015520000000000003,
    "Austria": 0.013231000000000001,
    "Algeria": 0.010263000000000001,
    "Ecuador": 0.008514000000000002,
    "Ghana": 0.009019000000000001,
    "Japan": 0.007294000000000001,
    "Scotland": 0.008383000000000002,
    "Czechia": 0.008431000000000001,
    "Canada": 0.017741000000000003,
    "South Korea": 0.004320000000000001,
    "Mexico": 0.009255000000000001,
    "Congo DR": 0.0031000000000000003,
    "Paraguay": 0.0028590000000000004,
    "Egypt": 0.0034350000000000006,
    "Bosnia-Herzegovina": 0.0023390000000000004,
    "Tunisia": 0.00037900000000000005,
    "Australia": 0.00017100000000000004,
    "Uzbekistan": 9.000000000000002e-05,
    "Iran": 0.00018100000000000004,
    "New Zealand": 0.00013600000000000003,
    "Saudi Arabia": 0.00010700000000000001,
    "Panama": 3.7000000000000005e-05,
    "Cape Verde": 4.800000000000001e-05,
    "Curacao": 1.6000000000000003e-05,
    "Haiti": 1.7000000000000003e-05,
    "Iraq": 7.000000000000001e-06,
    "South Africa": 1.2000000000000002e-05,
    "Qatar": 1.6000000000000003e-05,
    "Jordan": 9.000000000000002e-06
  },
  "reach_sf_probability": {
    "France": 0.266152,
    "England": 0.257177,
    "Spain": 0.248805,
    "Portugal": 0.242623,
    "Germany": 0.206659,
    "Brazil": 0.194605,
    "Argentina": 0.1878,
    "Netherlands": 0.168323,
    "Belgium": 0.167925,
    "Ivory Coast": 0.118787,
    "Norway": 0.123578,
    "Uruguay": 0.128458,
    "Turkiye": 0.127864,
    "Morocco": 0.108531,
    "Senegal": 0.108687,
    "Croatia": 0.102081,
    "United States": 0.168327,
    "Sweden": 0.081737,
    "Switzerland": 0.110272,
    "Colombia": 0.089328,
    "Austria": 0.078462,
    "Algeria": 0.067111,
    "Ecuador": 0.057185,
    "Ghana": 0.061046,
    "Japan": 0.049195,
    "Scotland": 0.057039,
    "Czechia": 0.05944,
    "Canada": 0.102031,
    "South Korea": 0.039115,
    "Mexico": 0.063778,
    "Congo DR": 0.02937,
    "Paraguay": 0.03061,
    "Egypt": 0.036308,
    "Bosnia-Herzegovina": 0.027448,
    "Tunisia": 0.00625,
    "Australia": 0.004864,
    "Uzbekistan": 0.002976,
    "Iran": 0.0052,
    "New Zealand": 0.004166,
    "Saudi Arabia": 0.00321,
    "Panama": 0.001624,
    "Cape Verde": 0.001834,
    "Curacao": 0.000774,
    "Haiti": 0.000747,
    "Iraq": 0.000331,
    "South Africa": 0.000861,
    "Qatar": 0.000841,
    "Jordan": 0.000465
  },
  "most_probable_top4": [
    "France",
    "England",
    "Spain",
    "Portugal"
  ],
  "most_probable_top4_probability": 0.001066,
  "runner_up_top4_sets": [
    {
      "teams": [
        "France",
        "England",
        "Spain",
        "Portugal"
      ],
      "prob": 0.001066
    },
    {
      "teams": [
        "France",
        "Spain",
        "Portugal",
        "Brazil"
      ],
      "prob": 0.000996
    },
    {
      "teams": [
        "France",
        "Spain",
        "Portugal",
        "Germany"
      ],
      "prob": 0.000954
    }
  ]
}